{"cameraMode":{"drawMode":0,"name":"Shaded","section":"Shading Mode"},"sceneLighting":true,"audioPlay":false,"sceneViewState":{"showFog":true,"showMaterialUpdate":false,"showSkybox":true,"showFlares":true,"showImageEffects":true,"showParticleSystems":true},"in2DMode":false,"pivot":{"x":885.152587890625,"y":685.3126220703125,"z":12.266536712646485},"rotation":{"x":-0.04978182539343834,"y":-0.017380835488438607,"z":0.000866394373588264,"w":-0.9986085295677185},"size":1499.6861572265625,"orthographic":true}